<?xml version="1.0" encoding="UTF-8"?>
<!DOCTYPE mapper PUBLIC "-//mybatis.org//DTD Mapper 3.0//EN" "http://mybatis.org/dtd/mybatis-3-mapper.dtd" >
<mapper namespace="senier">
  
  <resultMap type="senier" id="senierResult">
		<id property="sNo" column="s_no"/>
		<result property="sJob" column="s_job"/>
		<result property="qType" column="q_type"/>
		<result property="sTitle" column="s_title"/>
		<result property="sContent" column="s_content"/>
		<result property="sHits" column="s_hits"/>
		<result property="sDate" column="s_date"/>
		<result property="pId" column="p_id"/>
		<result property="status" column="status"/>
	</resultMap>
	
	
  
  <insert id="insertSenier" parameterType="senier">
  	insert into s_talk values(SEQ_S_NO.NEXTVAL,null,#{qType},#{sTitle},#{sContent},0,default,#{pId},default)
  </insert>
  
  <select id="senierList" resultMap="senierResult">
  	select * from s_talk
  </select>
  
  <select id="selectCount" resultType="_int">
  	select count(*) from s_talk
  </select>
  
  
  <select id="senierOneList" resultMap="senierResult" parameterType="_int">
  	select * from s_talk where s_no = #{no}
  </select>
  
  <insert id="insertComWrite" parameterType="scomment">
  	insert into s_comment values(SEQ_C_NO.NEXTVAL,0,0,#{cContent},default,#{cWriter},default)
  </insert>
  
  <select id="comList" parameterType="scomment">
  	select * from s_comment where c_no = #{sNo}
  </select>
  
  <select id="selectcomAll" resultMap="ScommentMap">
  	select A.*, (SELECT P_NAME FROM P_MEMBER B WHERE A.C_WRITER = B.P_ID) PNAME from s_comment A order by c_regdate desc
  </select>
  
  <select id="selectcomCount" resultType="_int">
  	select count(*) from s_comment
  </select>
  

  
  <resultMap type="scomment" id="ScommentMap">
  	<id column="c_no" property="cNo"/>
  	<result column="s_no" property="sNo"/>
  	<result column="c_level" property="cLevel"/>
  	<result column="c_content" property="cContent"/>
  	<result column="c_regdate" property="cRegdate"/>
  	<result column="c_writer" property="cWriter"/>
  	<result column="PNAME" property="cName"/>
  </resultMap>
  
</mapper>
